,SESSION_ID,INTERESTED
146707,461.719499064,1.0
149744,793.2285554719999,0.0
168119,711.0031161610001,0.0
